timestamp,overutilized-nodes-metrics
2026-02-27 17:24:34,1
2026-02-27 17:25:34,1
2026-02-27 17:28:34,1
2026-02-27 17:35:34,1
2026-02-27 17:36:34,1
2026-02-27 17:37:34,1
2026-02-27 17:38:34,2
2026-02-27 17:39:34,1
2026-02-27 17:46:34,1
2026-02-27 17:59:34,1
2026-02-27 18:00:34,1
2026-02-27 18:15:34,1
2026-02-27 18:16:34,1
2026-02-27 18:17:34,1
2026-02-27 18:22:34,1
2026-02-27 18:23:34,1
2026-02-27 18:24:34,1
2026-02-27 18:25:34,1
2026-02-27 18:26:34,1
2026-02-27 18:29:34,1
2026-02-27 18:30:34,1
2026-02-27 18:32:34,1
2026-02-27 18:33:34,2
2026-02-27 18:34:34,2
2026-02-27 18:35:34,1
2026-02-27 18:39:34,1
2026-02-27 18:44:34,1
2026-02-27 18:45:34,1
2026-02-27 18:54:34,1
2026-02-27 18:59:34,1
2026-02-27 19:00:34,1
2026-02-27 19:01:34,2
2026-02-27 19:10:34,1
2026-02-27 19:16:34,1
2026-02-27 19:18:34,1
2026-02-27 19:22:34,1
2026-02-27 19:23:34,1
2026-02-27 19:29:34,1
2026-02-27 19:37:34,1
2026-02-27 19:38:34,1
2026-02-27 19:45:34,1
2026-02-27 19:57:34,1
2026-02-27 19:58:34,1
2026-02-27 20:14:34,1
2026-02-27 20:16:34,1
2026-02-27 20:17:34,1
2026-02-27 20:21:34,1
2026-02-27 20:26:34,1
2026-02-27 20:30:34,1
2026-02-27 20:32:34,1
2026-02-27 20:33:34,1
2026-02-27 20:34:34,1
2026-02-27 20:35:34,1
2026-02-27 20:36:34,1
2026-02-27 20:49:34,1
2026-02-27 20:50:34,1
2026-02-27 20:51:34,1
2026-02-27 20:57:34,1
2026-02-27 20:58:34,1
2026-02-27 20:59:34,1
2026-02-27 21:00:34,1
2026-02-27 21:01:34,1
2026-02-27 21:06:34,1
2026-02-27 21:18:34,1
2026-02-27 21:32:34,1
2026-02-27 21:33:34,1
2026-02-27 21:50:34,1
2026-02-27 21:51:34,1
2026-02-27 21:53:34,1
2026-02-27 22:00:34,1
2026-02-27 22:01:34,1
2026-02-27 22:02:34,1
2026-02-27 22:08:34,1
2026-02-27 22:09:34,1
2026-02-27 22:10:34,1
2026-02-27 22:11:34,1
2026-02-27 22:12:34,1
2026-02-27 22:20:34,1
2026-02-27 22:30:34,1
2026-02-27 22:39:34,1
2026-02-27 22:50:34,1
2026-02-27 23:00:34,1
2026-02-27 23:01:34,1
2026-02-27 23:07:34,1
2026-02-27 23:26:34,2
2026-02-27 23:44:34,1
2026-02-27 23:59:34,1
2026-02-28 00:09:34,1
2026-02-28 00:10:34,1
2026-02-28 00:11:34,1
2026-02-28 00:12:34,1
2026-02-28 00:21:34,1
2026-02-28 00:38:34,1
2026-02-28 00:39:34,1
2026-02-28 00:47:34,1
2026-02-28 00:51:34,1
2026-02-28 00:52:34,1
2026-02-28 00:53:34,1
2026-02-28 00:54:34,1
2026-02-28 01:40:34,1
2026-02-28 01:41:34,1
2026-02-28 01:43:34,1
2026-02-28 01:44:34,1
2026-02-28 01:45:34,1
2026-02-28 02:03:34,1
2026-02-28 02:04:34,1
2026-02-28 02:33:34,2
2026-02-28 02:34:34,1
2026-02-28 02:35:34,1
2026-02-28 02:36:34,1
2026-02-28 02:37:34,2
2026-02-28 02:46:34,1
2026-02-28 02:48:34,1
2026-02-28 02:49:34,1
2026-02-28 02:54:34,1
2026-02-28 02:58:34,1
2026-02-28 02:59:34,1
2026-02-28 03:07:34,1
2026-02-28 04:04:34,1
2026-02-28 04:05:34,1
2026-02-28 04:12:34,1
2026-02-28 04:13:34,1
2026-02-28 04:17:34,1
2026-02-28 04:20:34,1
2026-02-28 04:21:34,1
2026-02-28 04:22:34,1
2026-02-28 04:23:34,1
2026-02-28 04:32:34,1
2026-02-28 04:36:34,1
2026-02-28 04:37:34,2
2026-02-28 04:38:34,1
2026-02-28 05:15:34,1
2026-02-28 05:18:34,1
2026-02-28 05:24:34,1
2026-02-28 05:29:34,1
2026-02-28 05:30:34,1
2026-02-28 05:32:34,1
2026-02-28 05:33:34,2
2026-02-28 05:51:34,1
2026-02-28 05:52:34,1
2026-02-28 06:04:34,1
2026-02-28 06:16:34,1
2026-02-28 06:17:34,1
2026-02-28 06:19:34,1
2026-02-28 06:26:34,1
2026-02-28 06:27:34,1
2026-02-28 06:28:34,1
2026-02-28 06:29:34,2
2026-02-28 06:30:34,1
2026-02-28 06:31:34,1
2026-02-28 06:39:34,1
2026-02-28 06:40:34,1
2026-02-28 06:42:34,1
2026-02-28 06:52:34,1
2026-02-28 07:15:34,1
2026-02-28 07:21:34,1
2026-02-28 07:22:34,1
2026-02-28 07:23:34,1
2026-02-28 07:25:34,1
2026-02-28 07:26:34,1
2026-02-28 07:31:34,1
2026-02-28 07:34:34,2
2026-02-28 07:40:34,2
2026-02-28 08:01:34,1
2026-02-28 08:11:34,1
2026-02-28 08:12:34,1
2026-02-28 08:13:34,1
2026-02-28 08:25:34,1
2026-02-28 08:30:34,1
2026-02-28 08:38:34,1
2026-02-28 08:39:34,1
2026-02-28 08:44:34,1
2026-02-28 08:50:34,1
2026-02-28 09:29:34,1
2026-02-28 09:30:34,1
2026-02-28 09:35:34,1
2026-02-28 09:36:34,1
2026-02-28 09:47:34,2
2026-02-28 09:48:34,1
2026-02-28 09:59:34,2
2026-02-28 10:00:34,2
2026-02-28 10:05:34,1
2026-02-28 10:18:34,1
2026-02-28 10:39:34,1
2026-02-28 10:40:34,1
2026-02-28 10:46:34,1
2026-02-28 10:48:34,1
2026-02-28 10:49:34,1
2026-02-28 11:02:34,1
2026-02-28 11:06:34,1
2026-02-28 11:20:34,1
2026-02-28 11:39:34,1
2026-02-28 11:40:34,1
2026-02-28 11:43:34,1
2026-02-28 12:00:34,1
2026-02-28 12:01:34,1
2026-02-28 12:02:34,1
2026-02-28 12:10:34,1
2026-02-28 12:11:34,1
2026-02-28 12:12:34,2
2026-02-28 12:13:34,1
2026-02-28 12:26:34,1
2026-02-28 12:27:34,1
2026-02-28 12:31:34,1
2026-02-28 12:32:34,1
2026-02-28 12:44:34,1
2026-02-28 12:53:34,1
2026-02-28 12:54:34,1
2026-02-28 12:56:34,1
2026-02-28 13:09:34,1
2026-02-28 13:10:34,1
2026-02-28 13:11:34,2
2026-02-28 13:12:34,1
2026-02-28 13:15:34,1
2026-02-28 13:17:34,1
2026-02-28 13:23:34,1
2026-02-28 13:29:34,1
2026-02-28 13:35:34,1
2026-02-28 13:37:34,1
2026-02-28 13:38:34,1
2026-02-28 13:40:34,1
2026-02-28 13:41:34,1
2026-02-28 13:43:34,1
2026-02-28 13:44:34,1
2026-02-28 13:45:34,1
2026-02-28 13:47:34,1
2026-02-28 13:50:34,1
2026-02-28 14:00:34,1
2026-02-28 14:01:34,1
2026-02-28 14:05:34,1
2026-02-28 14:09:34,1
2026-02-28 14:15:34,1
2026-02-28 14:16:34,1
2026-02-28 14:17:34,1
2026-02-28 14:20:34,1
2026-02-28 14:21:34,1
2026-02-28 14:24:34,1
2026-02-28 14:25:34,1
2026-02-28 14:32:34,2
2026-02-28 14:50:34,1
2026-02-28 14:55:34,2
2026-02-28 14:56:34,1
2026-02-28 14:57:34,1
2026-02-28 14:58:34,1
2026-02-28 15:00:34,1
2026-02-28 15:01:34,1
2026-02-28 15:02:34,1
2026-02-28 15:08:34,1
2026-02-28 15:12:34,1
2026-02-28 15:13:34,1
2026-02-28 15:21:34,1
2026-02-28 15:22:34,1
2026-02-28 15:40:34,1
2026-02-28 15:42:34,1
2026-02-28 15:43:34,1
2026-02-28 15:48:34,1
2026-02-28 15:50:34,1
2026-02-28 15:51:34,1
2026-02-28 16:10:34,1
2026-02-28 16:11:34,1
2026-02-28 16:22:34,1
2026-02-28 16:23:34,1
2026-02-28 16:24:34,1
2026-02-28 16:29:34,1
2026-02-28 16:30:34,1
2026-02-28 16:31:34,1
2026-02-28 16:32:34,1
2026-02-28 16:33:34,1
2026-02-28 16:42:34,1
2026-02-28 16:43:34,1
2026-02-28 16:49:34,1
2026-02-28 16:52:34,1
2026-02-28 16:57:34,1
2026-02-28 16:58:34,1
2026-02-28 16:59:34,1
2026-02-28 17:07:34,1
2026-02-28 17:08:34,1
2026-02-28 17:13:34,1
2026-02-28 17:17:34,1
2026-02-28 17:19:34,1
2026-02-28 17:20:34,1
2026-02-28 17:21:34,1
2026-02-28 17:35:34,1
2026-02-28 17:41:34,1
2026-02-28 17:42:34,1
2026-02-28 17:52:34,1
2026-02-28 17:53:34,1
2026-02-28 17:58:34,1
2026-02-28 18:03:34,1
2026-02-28 18:13:34,1
2026-02-28 18:17:34,1
2026-02-28 18:24:34,1
2026-02-28 18:35:34,1
2026-02-28 18:36:34,1
2026-02-28 18:37:34,1
2026-02-28 18:44:34,1
2026-02-28 18:46:34,1
2026-02-28 18:47:34,1
2026-02-28 18:48:34,1
2026-02-28 18:54:34,1
2026-02-28 18:55:34,1
2026-02-28 18:56:34,1
2026-02-28 18:57:34,1
2026-02-28 19:07:34,1
2026-02-28 19:08:34,1
2026-02-28 19:30:34,1
2026-02-28 19:33:34,1
2026-02-28 19:35:34,1
2026-02-28 19:41:34,1
2026-02-28 19:48:34,1
2026-02-28 19:49:34,1
2026-02-28 19:50:34,1
2026-02-28 19:51:34,1
2026-02-28 19:52:34,1
2026-02-28 20:01:34,1
2026-02-28 20:13:34,1
2026-02-28 20:27:34,1
2026-02-28 20:28:34,1
2026-02-28 20:34:34,1
2026-02-28 20:35:34,1
2026-02-28 20:38:34,1
2026-02-28 20:39:34,1
2026-02-28 20:40:34,1
2026-02-28 20:45:34,1
2026-02-28 20:46:34,1
2026-02-28 20:47:34,1
2026-02-28 20:49:34,1
2026-02-28 20:50:34,1
2026-02-28 20:51:34,2
2026-02-28 20:52:34,1
2026-02-28 20:59:34,1
2026-02-28 21:09:34,1
2026-02-28 21:10:34,1
2026-02-28 21:17:34,1
2026-02-28 21:42:34,1
2026-02-28 21:43:34,1
2026-02-28 21:48:34,1
2026-02-28 22:17:34,1
2026-02-28 22:18:34,1
2026-02-28 22:24:34,1
2026-02-28 22:28:34,1
2026-02-28 22:31:34,1
2026-02-28 22:38:34,1
2026-02-28 22:41:34,1
2026-02-28 22:46:34,1
2026-02-28 23:02:34,1
2026-02-28 23:03:34,1
2026-02-28 23:33:34,2
2026-02-28 23:34:34,1
2026-02-28 23:36:34,1
2026-02-28 23:40:34,1
2026-02-28 23:51:34,1
2026-02-28 23:52:34,1
2026-03-01 00:01:34,1
2026-03-01 00:02:34,1
2026-03-01 00:17:34,1
2026-03-01 00:18:34,1
2026-03-01 00:24:34,1
2026-03-01 00:28:34,1
2026-03-01 00:29:34,1
2026-03-01 00:30:34,1
2026-03-01 00:31:34,1
2026-03-01 00:32:34,2
2026-03-01 00:43:34,1
2026-03-01 00:48:34,1
2026-03-01 00:49:34,1
2026-03-01 00:51:34,1
2026-03-01 00:52:34,1
2026-03-01 01:10:34,1
2026-03-01 01:16:34,1
2026-03-01 01:20:34,1
2026-03-01 01:21:34,1
2026-03-01 01:22:34,1
2026-03-01 01:24:34,1
2026-03-01 01:25:34,1
2026-03-01 01:26:34,1
2026-03-01 01:27:34,1
2026-03-01 01:32:34,1
2026-03-01 01:52:34,1
2026-03-01 02:03:34,1
2026-03-01 02:04:34,1
2026-03-01 02:08:34,1
2026-03-01 02:10:34,1
2026-03-01 02:11:34,1
2026-03-01 02:13:34,1
2026-03-01 02:14:34,1
2026-03-01 02:15:34,1
2026-03-01 02:18:34,1
2026-03-01 02:19:34,1
2026-03-01 02:20:34,1
2026-03-01 02:22:34,1
2026-03-01 02:28:34,1
2026-03-01 02:29:34,1
2026-03-01 02:30:34,1
2026-03-01 02:31:34,1
2026-03-01 02:39:34,1
2026-03-01 02:43:34,1
2026-03-01 02:57:34,1
2026-03-01 02:58:34,1
2026-03-01 02:59:34,1
2026-03-01 03:04:34,1
2026-03-01 03:05:34,1
2026-03-01 03:06:34,1
2026-03-01 03:17:34,1
2026-03-01 03:19:34,1
2026-03-01 03:29:34,1
2026-03-01 03:35:34,1
2026-03-01 03:36:34,1
2026-03-01 03:38:34,1
2026-03-01 03:39:34,1
2026-03-01 03:41:34,1
2026-03-01 03:42:34,1
2026-03-01 03:53:34,1
2026-03-01 04:00:34,1
2026-03-01 04:12:34,1
2026-03-01 04:20:34,1
2026-03-01 04:21:34,1
2026-03-01 04:23:34,1
2026-03-01 04:24:34,1
2026-03-01 04:29:34,1
2026-03-01 04:33:34,1
2026-03-01 04:57:34,1
2026-03-01 05:01:34,1
2026-03-01 05:11:34,1
2026-03-01 05:12:34,1
2026-03-01 05:14:34,1
2026-03-01 05:16:34,1
2026-03-01 05:23:34,1
2026-03-01 05:24:34,1
2026-03-01 05:27:34,1
2026-03-01 05:48:34,1
2026-03-01 05:59:34,1
2026-03-01 06:01:34,1
2026-03-01 06:10:34,1
2026-03-01 06:11:34,1
2026-03-01 06:21:34,1
2026-03-01 06:23:34,1
2026-03-01 06:24:34,1
2026-03-01 06:25:34,1
2026-03-01 06:34:34,1
2026-03-01 06:42:34,1
2026-03-01 06:48:34,1
2026-03-01 06:49:34,1
2026-03-01 06:57:34,1
2026-03-01 07:01:34,1
2026-03-01 07:02:34,1
2026-03-01 07:07:34,1
2026-03-01 07:08:34,1
2026-03-01 07:09:34,1
2026-03-01 07:16:34,1
2026-03-01 07:20:34,1
2026-03-01 07:32:34,1
2026-03-01 07:33:34,1
2026-03-01 07:34:34,1
2026-03-01 07:38:34,1
2026-03-01 07:47:34,1
2026-03-01 07:48:34,1
2026-03-01 07:52:34,1
2026-03-01 08:11:34,1
2026-03-01 08:12:34,1
2026-03-01 08:17:34,1
2026-03-01 08:18:34,1
2026-03-01 08:39:34,1
2026-03-01 08:51:34,1
2026-03-01 08:58:34,1
2026-03-01 09:08:34,2
2026-03-01 09:11:34,1
2026-03-01 09:20:34,1
2026-03-01 09:31:34,1
2026-03-01 09:35:34,1
2026-03-01 09:38:34,1
2026-03-01 09:39:34,1
2026-03-01 09:40:34,1
2026-03-01 09:42:34,1
2026-03-01 09:46:34,1
2026-03-01 09:47:34,1
2026-03-01 09:52:34,1
2026-03-01 09:53:34,1
2026-03-01 09:55:34,1
2026-03-01 09:57:34,1
2026-03-01 09:58:34,1
2026-03-01 10:00:34,1
2026-03-01 10:09:34,1
2026-03-01 10:10:34,1
2026-03-01 10:12:34,1
2026-03-01 10:13:34,1
2026-03-01 10:17:34,1
2026-03-01 10:23:34,1
2026-03-01 10:25:34,1
2026-03-01 10:26:34,1
2026-03-01 10:35:34,1
2026-03-01 10:37:34,1
2026-03-01 10:39:34,1
2026-03-01 10:40:34,1
2026-03-01 10:43:34,1
2026-03-01 10:44:34,1
2026-03-01 10:48:34,1
2026-03-01 10:49:34,1
2026-03-01 10:53:34,1
2026-03-01 10:54:34,1
2026-03-01 11:02:34,1
2026-03-01 11:03:34,1
2026-03-01 11:08:34,1
2026-03-01 11:09:34,1
2026-03-01 11:10:34,1
2026-03-01 11:16:34,1
2026-03-01 11:17:34,1
2026-03-01 11:18:34,1
2026-03-01 11:19:34,1
2026-03-01 11:24:34,1
2026-03-01 11:25:34,1
2026-03-01 11:28:34,1
2026-03-01 11:33:34,1
2026-03-01 11:34:34,1
2026-03-01 11:35:34,1
2026-03-01 11:39:34,1
2026-03-01 11:40:34,1
2026-03-01 11:55:34,1
2026-03-01 12:00:34,1
2026-03-01 12:07:34,1
2026-03-01 12:08:34,1
2026-03-01 12:13:34,1
2026-03-01 12:14:34,1
2026-03-01 12:28:34,1
2026-03-01 12:45:34,1
2026-03-01 12:46:34,1
2026-03-01 12:55:34,1
2026-03-01 13:02:34,1
2026-03-01 13:09:34,1
2026-03-01 13:13:34,1
2026-03-01 13:14:34,1
2026-03-01 13:15:34,2
2026-03-01 13:20:34,1
2026-03-01 13:24:34,1
2026-03-01 13:25:34,1
2026-03-01 13:26:34,1
2026-03-01 13:27:34,1
2026-03-01 13:28:34,1
2026-03-01 13:32:34,1
2026-03-01 13:33:34,1
2026-03-01 13:38:34,1
2026-03-01 13:39:34,1
2026-03-01 13:41:34,1
2026-03-01 13:46:34,1
2026-03-01 13:47:34,1
2026-03-01 13:48:34,1
2026-03-01 13:49:34,1
2026-03-01 13:50:34,1
2026-03-01 13:51:34,1
2026-03-01 13:54:34,1
2026-03-01 13:55:34,1
2026-03-01 14:02:34,1
2026-03-01 14:03:34,1
2026-03-01 14:06:34,1
2026-03-01 14:09:34,1
2026-03-01 14:10:34,1
2026-03-01 14:11:34,1
2026-03-01 14:15:34,1
2026-03-01 14:18:34,1
2026-03-01 14:19:34,1
2026-03-01 14:26:34,1
2026-03-01 14:39:34,1
2026-03-01 14:40:34,1
2026-03-01 14:41:34,1
2026-03-01 14:42:34,1
2026-03-01 14:43:34,1
2026-03-01 14:44:34,1
2026-03-01 14:45:34,1
2026-03-01 14:56:34,1
2026-03-01 14:57:34,1
2026-03-01 14:59:34,1
2026-03-01 15:03:34,1
2026-03-01 15:05:34,1
2026-03-01 15:07:34,1
2026-03-01 15:23:34,1
2026-03-01 15:26:34,1
2026-03-01 15:28:34,1
2026-03-01 15:29:34,1
2026-03-01 15:31:34,1
2026-03-01 15:32:34,1
2026-03-01 15:33:34,1
2026-03-01 15:52:34,1
2026-03-01 15:55:34,1
2026-03-01 15:56:34,1
2026-03-01 16:00:34,1
2026-03-01 16:01:34,1
2026-03-01 16:03:34,1
2026-03-01 16:11:34,1
2026-03-01 16:12:34,1
2026-03-01 16:13:34,1
2026-03-01 16:34:34,1
2026-03-01 16:46:34,1
2026-03-01 16:47:34,1
2026-03-01 16:48:34,1
2026-03-01 16:49:34,1
2026-03-01 16:50:34,1
2026-03-01 17:02:34,1
2026-03-01 17:12:34,1
2026-03-01 17:21:34,1
